{
  "transcriptions": {
    "original": "WEL YE AV DENELY NINETY THRE YEARS OLD",
    "adjusted": "WEL YE OFTENEWLY NINETU THRE YEARS OLD"
  },
  "confidence_scores": {
    "original": {
      "mean_confidence": 0.9543896913528442,
      "min_confidence": 0.3412524163722992,
      "max_confidence": 0.9999966621398926
    },
    "adjusted": {
      "mean_confidence": 0.948479950428009,
      "min_confidence": 0.3042917847633362,
      "max_confidence": 0.9999980926513672
    }
  },
  "durations": {
    "original": 6.6,
    "adjusted": 5.769
  },
  "wer": {
    "original": 0.625,
    "adjusted": 0.75
  },
  "phoneme_analysis": {
    "original_duration": 6.6,
    "adjusted_duration": 5.769,
    "phoneme_stats": {
      "noi": {
        "count": 2,
        "total_original_duration": 3.1835,
        "total_adjusted_duration": 3.4500457119948633,
        "tempo_ratio": 0.922741397
      },
      "w": {
        "count": 1,
        "total_original_duration": 0.5099375,
        "total_adjusted_duration": 0.40168950991886854,
        "tempo_ratio": 1.269481745
      },
      "eh": {
        "count": 1,
        "total_original_duration": 0.5994375,
        "total_adjusted_duration": 0.4613366132001566,
        "tempo_ratio": 1.299349505
      },
      "l": {
        "count": 2,
        "total_original_duration": 0.7924375,
        "total_adjusted_duration": 0.6548621115354959,
        "tempo_ratio": 1.210082987
      },
      "hh": {
        "count": 1,
        "total_original_duration": 0.5236875,
        "total_adjusted_duration": 0.4350378746185436,
        "tempo_ratio": 1.2037745
      },
      "iy": {
        "count": 4,
        "total_original_duration": 1.770875,
        "total_adjusted_duration": 1.4019070565518037,
        "tempo_ratio": 1.263190018
      },
      "ih": {
        "count": 3,
        "total_original_duration": 2.2119375000000003,
        "total_adjusted_duration": 1.784535318402815,
        "tempo_ratio": 1.239503347
      },
      "dcl": {
        "count": 3,
        "total_original_duration": 1.4470625,
        "total_adjusted_duration": 1.3808076840371135,
        "tempo_ratio": 1.047982653
      },
      "z": {
        "count": 2,
        "total_original_duration": 0.9233125,
        "total_adjusted_duration": 0.6197928331467342,
        "tempo_ratio": 1.489711482
      },
      "n": {
        "count": 3,
        "total_original_duration": 1.2816874999999999,
        "total_adjusted_duration": 1.051999152479483,
        "tempo_ratio": 1.218335107
      },
      "r": {
        "count": 3,
        "total_original_duration": 1.30925,
        "total_adjusted_duration": 1.181061997561184,
        "tempo_ratio": 1.108536218
      },
      "ay": {
        "count": 1,
        "total_original_duration": 0.4271875,
        "total_adjusted_duration": 0.41151110581957934,
        "tempo_ratio": 1.038094705
      },
      "tcl": {
        "count": 1,
        "total_original_duration": 0.165375,
        "total_adjusted_duration": 0.15105268582499126,
        "tempo_ratio": 1.09481668
      },
      "t": {
        "count": 1,
        "total_original_duration": 0.3583125,
        "total_adjusted_duration": 0.3036540776408525,
        "tempo_ratio": 1.180002267
      },
      "th": {
        "count": 1,
        "total_original_duration": 0.447875,
        "total_adjusted_duration": 0.39297356095729585,
        "tempo_ratio": 1.139707717
      },
      "y": {
        "count": 1,
        "total_original_duration": 0.571875,
        "total_adjusted_duration": 0.44269125230504835,
        "tempo_ratio": 1.291814548
      },
      "ow": {
        "count": 1,
        "total_original_duration": 1.0611875,
        "total_adjusted_duration": 0.9665514500449978,
        "tempo_ratio": 1.097911032
      },
      "d": {
        "count": 1,
        "total_original_duration": 0.571875,
        "total_adjusted_duration": 0.46797488092996475,
        "tempo_ratio": 1.222020718
      }
    }
  }
}