{
    "Average Original WER": 0.982922478755812,
    "Average Adjusted WER": 0.9096070596070596,
    "Average Original Duration": 4.750010416666667,
    "Average Adjusted Duration": 3.9738159722222224
}