{
    "Average Original WER": 1.0933529517239926,
    "Average Adjusted WER": 1.1122714515248453,
    "Average Original Duration": 2.6993212669683255,
    "Average Adjusted Duration": 2.5054420248868774
}