{
    "Average Original WER": 1.0574673071905543,
    "Average Adjusted WER": 1.0540583749993346,
    "Average Original Duration": 4.735096402214022,
    "Average Adjusted Duration": 3.69772463099631
}