{
    "Average Original WER": 1.0854359725571845,
    "Average Adjusted WER": 1.0493253659920325,
    "Average Original Duration": 4.939201388888889,
    "Average Adjusted Duration": 4.116401515151515
}