{
    "Average Original WER": 1.0332388290721624,
    "Average Adjusted WER": 1.016480124813458,
    "Average Original Duration": 4.750010416666667,
    "Average Adjusted Duration": 3.9738159722222224
}