{
    "ah": 1.753195984,
    "ao": 1.488230548,
    "eh": 1.595540479,
    "ih": 1.540507211,
    "uh": 2.066942576,
    "ae": 1.95283667,
    "aa": 1.606270247,
    "er": 2.147123259,
    "iy": 1.745356747,
    "uw": 1.349221496,
    "aw": 2.75753341,
    "ay": 1.423507599,
    "ey": 1.441568599,
    "ow": 1.335109251,
    "oy": 2.021456754,
    "l": 1.812977141,
    "r": 2.050973893,
    "w": 1.391458292,
    "y": 1.73500371,
    "k": 1.629859143,
    "p": 1.348178171,
    "t": 1.450224595,
    "b": 1.51820847,
    "d": 1.606473148,
    "g": 1.842249852,
    "m": 1.79781024,
    "n": 1.712155194,
    "ng": 1.906053526,
    "f": 1.925003699,
    "s": 1.394513595,
    "sh": 2.073440493,
    "dh": 2.353771904,
    "v": 2.457829427,
    "z": 2.587519862,
    "zh": 1.630724037,
    "ch": 1.489611702,
    "jh": 2.254727923,
    "hh": 1.771721305,
    "bcl": 1.497611374,
    "dcl": 1.493216952,
    "gcl": 1.513147736,
    "kcl": 1.559872392,
    "noi": 0.927217221,
    "pcl": 1.331970525,
    "tcl": 1.397889765,
    "Total/Avg": 1.685868473
}