{
    "ah": 1.58781172,
    "ao": 1.192007749,
    "eh": 1.299349505,
    "ih": 1.239503347,
    "uh": 1.702913245,
    "ae": 1.252451155,
    "aa": 1.294166392,
    "er": 1.36741883,
    "iy": 1.263190018,
    "uw": 1.158386259,
    "aw": 1.362033782,
    "ay": 1.038094705,
    "ey": 1.14322183,
    "ow": 1.097911032,
    "oy": 1.650840657,
    "l": 1.210082987,
    "r": 1.108536218,
    "w": 1.269481745,
    "y": 1.291814548,
    "k": 1.424845555,
    "p": 1.349516502,
    "t": 1.180002267,
    "b": 1.121037314,
    "d": 1.222020718,
    "g": 1.167007076,
    "m": 1.236584199,
    "n": 1.218335107,
    "ng": 1.393787624,
    "f": 1.183011198,
    "s": 1.212598177,
    "sh": 1.086953536,
    "th": 1.139707717,
    "dh": 1.447492301,
    "v": 1.378045255,
    "z": 1.489711482,
    "zh": 1.359449864,
    "ch": 1.028729679,
    "jh": 1.329942009,
    "hh": 1.2037745,
    "bcl": 1.098665183,
    "dcl": 1.047982653,
    "gcl": 1.052081098,
    "kcl": 1.364662856,
    "noi": 0.922741397,
    "pcl": 1.333525293,
    "tcl": 1.09481668,
    "Total/Avg": 1.228878003
}