{
    "ah": 2.119899362,
    "ao": 1.724187893,
    "eh": 1.582225901,
    "ih": 1.664720378,
    "uh": 1.745770333,
    "ae": 1.750641413,
    "aa": 1.871995986,
    "er": 2.024219324,
    "iy": 1.555550914,
    "uw": 1.805201848,
    "aw": 1.957523214,
    "ay": 1.361283779,
    "ey": 1.534912162,
    "ow": 1.632063462,
    "oy": 1.913061981,
    "l": 1.799246191,
    "r": 1.566973408,
    "w": 1.755450646,
    "y": 1.941772404,
    "k": 1.98618133,
    "p": 1.637376089,
    "t": 1.647482935,
    "b": 1.673159106,
    "d": 1.790416262,
    "g": 1.562683749,
    "m": 1.752101101,
    "n": 1.737971679,
    "ng": 2.093120094,
    "f": 1.630658109,
    "s": 1.685008861,
    "sh": 1.497879517,
    "th": 1.438361002,
    "dh": 2.231320087,
    "v": 1.781641605,
    "z": 2.374882396,
    "ch": 1.394279126,
    "jh": 1.906781647,
    "hh": 1.440938405,
    "bcl": 1.612971783,
    "dcl": 1.557960922,
    "gcl": 1.367855953,
    "kcl": 1.967062927,
    "noi": 1.05417884,
    "pcl": 1.66942672,
    "tcl": 1.675322688,
    "Total/Avg": 1.695810922
}