{
    "Average Original WER": 1.0308812670400653,
    "Average Adjusted WER": 1.007811728090698,
    "Average Original Duration": 2.9156652360515016,
    "Average Adjusted Duration": 2.7210649141630903
}