{
    "Average Original WER": 1.0083499331236887,
    "Average Adjusted WER": 0.9808603287110075,
    "Average Original Duration": 2.6993212669683255,
    "Average Adjusted Duration": 2.5054420248868774
}