{
    "Average Original WER": 1.0236600530545843,
    "Average Adjusted WER": 1.0326815870761183,
    "Average Original Duration": 4.5883244628906255,
    "Average Adjusted Duration": 3.6116140136718746
}