{
    "Average Original WER": 1.0301746481864593,
    "Average Adjusted WER": 1.0738404967735675,
    "Average Original Duration": 4.613311023622047,
    "Average Adjusted Duration": 3.629524852362205
}